lat,lon,frp,confidence,satellite,source,acq_at
36.31048,6.73371,8.61,nominal,N,viirs_snpp,2026-09-25 13:53:00
36.31094,6.73299,12.88,nominal,N,viirs_snpp,2026-09-25 13:53:00
35.84592,9.14,4.26,nominal,N20,viirs_noaa20,2026-09-25 12:29:00
36.36447,10.25965,12.54,nominal,N20,viirs_noaa20,2026-09-25 12:29:00
36.24696,9.11446,4.1,nominal,N20,viirs_noaa20,2026-09-25 12:29:00
36.45589,9.17039,4.94,low,N20,viirs_noaa20,2026-09-25 12:29:00
36.17213,7.22696,3.88,low,N20,viirs_noaa20,2026-09-25 12:29:00
36.22544,7.19572,2.94,low,N20,viirs_noaa20,2026-09-25 12:29:00
36.47572,8.71293,3.87,nominal,N20,viirs_noaa20,2026-09-25 12:29:00
36.53376,8.66877,3.07,nominal,N20,viirs_noaa20,2026-09-25 12:29:00
36.61,9.10954,2.49,nominal,N20,viirs_noaa20,2026-09-25 12:29:00
36.34756,7.16943,2.73,nominal,N20,viirs_noaa20,2026-09-25 12:29:00
36.70235,9.20502,4.1,nominal,N20,viirs_noaa20,2026-09-25 12:29:00
36.72244,9.24928,6.07,nominal,N20,viirs_noaa20,2026-09-25 12:29:00
36.29092,6.50927,2.25,nominal,N20,viirs_noaa20,2026-09-25 12:29:00
36.75208,9.12701,3.4,nominal,N20,viirs_noaa20,2026-09-25 12:29:00
36.79137,9.37158,2.91,nominal,N20,viirs_noaa20,2026-09-25 12:29:00
36.79468,9.37084,2.91,nominal,N20,viirs_noaa20,2026-09-25 12:32:00
36.78323,9.20092,4.14,nominal,N20,viirs_noaa20,2026-09-25 12:32:00
36.33804,6.35042,0.82,low,N20,viirs_noaa20,2026-09-25 12:32:00
36.34649,6.33849,2.98,nominal,N20,viirs_noaa20,2026-09-25 12:32:00
36.832,9.18544,2.44,low,N20,viirs_noaa20,2026-09-25 12:32:00
36.87837,9.33969,2.23,nominal,N20,viirs_noaa20,2026-09-25 12:32:00
36.4938,6.71164,1.79,nominal,N20,viirs_noaa20,2026-09-25 12:32:00
36.98405,9.48306,13.99,nominal,N20,viirs_noaa20,2026-09-25 12:32:00
37.5271,13.80178,4.94,nominal,N20,viirs_noaa20,2026-09-25 12:32:00
39.5121,8.89421,1.97,low,N20,viirs_noaa20,2026-09-25 12:32:00
39.5652,8.84095,1.3,low,N20,viirs_noaa20,2026-09-25 12:32:00
39.63301,8.93279,1.23,nominal,N20,viirs_noaa20,2026-09-25 12:32:00
39.63634,8.93201,3.62,nominal,N20,viirs_noaa20,2026-09-25 12:32:00
41.09771,15.72876,12.81,nominal,N20,viirs_noaa20,2026-09-25 12:32:00
41.54874,15.76771,3,nominal,N20,viirs_noaa20,2026-09-25 12:32:00
41.45055,13.53888,7.81,nominal,N20,viirs_noaa20,2026-09-25 12:32:00
41.45457,13.53816,6.38,nominal,N20,viirs_noaa20,2026-09-25 12:32:00
42.06235,14.75496,5.33,nominal,N20,viirs_noaa20,2026-09-25 12:32:00
42.13476,12.28734,1.61,nominal,N20,viirs_noaa20,2026-09-25 12:32:00
42.13273,12.28622,4.59,low,N20,viirs_noaa20,2026-09-25 12:32:00
43.50034,11.03986,2.33,nominal,N20,viirs_noaa20,2026-09-25 12:32:00
43.147,6.14189,2.48,nominal,N20,viirs_noaa20,2026-09-25 12:32:00
44.45074,11.85008,0.39,nominal,N20,viirs_noaa20,2026-09-26 00:50:00
43.49931,16.60621,4.91,nominal,N20,viirs_noaa20,2026-09-26 00:50:00
43.50001,16.60113,4.91,nominal,N20,viirs_noaa20,2026-09-26 00:50:00
41.44633,14.00178,2.85,nominal,N20,viirs_noaa20,2026-09-26 00:50:00
41.44567,14.0073,1.76,nominal,N20,viirs_noaa20,2026-09-26 00:50:00
41.44503,14.01253,1.76,nominal,N20,viirs_noaa20,2026-09-26 00:50:00
41.44146,14.01173,1.04,nominal,N20,viirs_noaa20,2026-09-26 00:50:00
41.16816,15.85007,0.76,nominal,N20,viirs_noaa20,2026-09-26 00:50:00
40.82687,16.05446,0.97,nominal,N20,viirs_noaa20,2026-09-26 00:50:00
36.48337,6.22498,0.66,nominal,N20,viirs_noaa20,2026-09-26 00:52:00
36.48841,6.22597,0.98,nominal,N20,viirs_noaa20,2026-09-26 02:32:00
40.70331,17.39881,6.35,61,A,modis,2026-09-25 13:50:00
41.2349,15.61805,5.72,57,A,modis,2026-09-25 13:50:00
41.50483,15.38656,10.62,47,A,modis,2026-09-25 13:50:00
44.42484,12.21351,13.01,69,A,modis,2026-09-25 13:53:00
44.4107,11.77339,26.37,76,A,modis,2026-09-25 13:53:00
45.55519,13.74307,5.51,38,A,modis,2026-09-25 13:53:00
44.9289,10.52056,5.81,37,A,modis,2026-09-25 13:53:00
41.44154,14.01019,72.4,100,T,modis,2026-09-25 19:36:00
41.43995,13.99282,14.67,66,T,modis,2026-09-25 19:36:00
41.44605,14.02168,14.86,62,T,modis,2026-09-25 19:36:00
41.44444,14.00312,68.41,100,T,modis,2026-09-25 19:36:00
41.77466,15.17369,14.33,45,T,modis,2026-09-26 07:33:00
36.18311,7.20203,42.34,69,T,modis,2026-09-26 09:13:00
36.18271,7.1966,32.41,60,T,modis,2026-09-26 09:13:00
43.49843,16.60679,3.99,nominal,N,viirs_snpp,2026-09-26 00:30:00
43.49896,16.59997,3.89,nominal,N,viirs_snpp,2026-09-26 00:30:00
36.48312,6.22849,2.21,nominal,N,viirs_snpp,2026-09-26 02:11:00
41.73709,13.00319,0.53,nominal,N,viirs_snpp,2026-09-26 00:30:00
41.37583,15.23867,0.51,nominal,N,viirs_snpp,2026-09-26 00:30:00
41.44382,14.00848,3.79,nominal,N,viirs_snpp,2026-09-26 00:30:00
41.4443,14.00058,1.84,nominal,N,viirs_snpp,2026-09-26 00:30:00
41.44407,14.00977,2.26,nominal,N,viirs_snpp,2026-09-26 00:30:00
41.44456,14.00239,2.26,nominal,N,viirs_snpp,2026-09-26 00:30:00
36.08382,6.80377,1.39,nominal,N,viirs_snpp,2026-09-26 00:33:00
43.50053,16.6054,0.62,nominal,N,viirs_snpp,2026-09-26 02:11:00
43.3659,12.54667,0.96,nominal,N,viirs_snpp,2026-09-26 02:11:00
42.85799,13.11686,0.31,nominal,N,viirs_snpp,2026-09-26 02:11:00
41.44693,14.00185,0.63,nominal,N,viirs_snpp,2026-09-26 02:11:00
39.01709,17.15086,1.02,nominal,N,viirs_snpp,2026-09-26 02:11:00
39.45616,8.86346,0.77,nominal,N,viirs_snpp,2026-09-26 02:13:00
37.10703,14.10679,7.04,nominal,N,viirs_snpp,2026-09-26 11:51:00
37.10831,14.10557,7.76,nominal,N,viirs_snpp,2026-09-26 11:51:00
37.26295,14.29554,2.73,nominal,N,viirs_snpp,2026-09-26 11:51:00
37.26096,14.29412,2.97,nominal,N,viirs_snpp,2026-09-26 11:51:00
37.4444,14.89993,7.1,nominal,N,viirs_snpp,2026-09-26 11:51:00
37.44335,14.89451,7.1,nominal,N,viirs_snpp,2026-09-26 11:51:00
37.34957,14.0895,6.41,nominal,N,viirs_snpp,2026-09-26 11:51:00
37.43196,13.97503,3.04,nominal,N,viirs_snpp,2026-09-26 11:51:00
37.49541,13.60958,5.94,nominal,N,viirs_snpp,2026-09-26 11:51:00
37.59595,13.94129,14.25,nominal,N,viirs_snpp,2026-09-26 11:51:00
36.08549,6.91649,3.64,low,N,viirs_snpp,2026-09-26 11:51:00
36.08701,6.91759,4.19,nominal,N,viirs_snpp,2026-09-26 11:51:00
36.09123,6.91056,2.37,low,N,viirs_snpp,2026-09-26 11:51:00
37.77531,13.78063,13.11,nominal,N,viirs_snpp,2026-09-26 11:51:00
37.59116,12.85641,4.59,nominal,N,viirs_snpp,2026-09-26 11:51:00
37.69736,13.11596,3.74,nominal,N,viirs_snpp,2026-09-26 11:51:00
37.69641,13.11153,2.44,nominal,N,viirs_snpp,2026-09-26 11:51:00
36.99749,9.86743,25.16,nominal,N,viirs_snpp,2026-09-26 11:51:00
36.84304,9.21957,3.41,nominal,N,viirs_snpp,2026-09-26 11:51:00
36.84216,9.21605,3.7,nominal,N,viirs_snpp,2026-09-26 11:51:00
36.93998,9.52628,7.4,nominal,N,viirs_snpp,2026-09-26 11:51:00
36.34162,7.17495,1.98,nominal,N,viirs_snpp,2026-09-26 11:51:00
36.97661,9.48397,8.5,nominal,N,viirs_snpp,2026-09-26 11:51:00
36.97324,9.48407,3.38,nominal,N,viirs_snpp,2026-09-26 11:51:00
40.36219,18.27699,3.54,nominal,N,viirs_snpp,2026-09-26 11:53:00
40.37948,15.12571,3.13,nominal,N,viirs_snpp,2026-09-26 11:53:00
40.73628,16.50016,4.88,nominal,N,viirs_snpp,2026-09-26 11:53:00
40.74041,16.50388,4.88,nominal,N,viirs_snpp,2026-09-26 11:53:00
40.73961,16.49917,4.88,nominal,N,viirs_snpp,2026-09-26 11:53:00
39.44578,9.00984,5.78,nominal,N,viirs_snpp,2026-09-26 11:53:00
39.51665,9.01075,15.05,nominal,N,viirs_snpp,2026-09-26 11:53:00
39.51722,9.00893,16.55,nominal,N,viirs_snpp,2026-09-26 11:53:00
41.07816,15.32836,5.32,nominal,N,viirs_snpp,2026-09-26 11:53:00
41.29007,16.04648,1.14,nominal,N,viirs_snpp,2026-09-26 11:53:00
41.06419,14.22582,1.85,nominal,N,viirs_snpp,2026-09-26 11:53:00
41.4577,15.7925,5.69,nominal,N,viirs_snpp,2026-09-26 11:53:00
41.45685,15.78768,5.69,nominal,N,viirs_snpp,2026-09-26 11:53:00
41.46021,15.78663,13.66,nominal,N,viirs_snpp,2026-09-26 11:53:00
41.45937,15.78182,3.8,nominal,N,viirs_snpp,2026-09-26 11:53:00
41.45598,15.76253,3.34,nominal,N,viirs_snpp,2026-09-26 11:53:00
41.46496,15.63207,6.65,nominal,N,viirs_snpp,2026-09-26 11:53:00
41.4641,15.62721,8.46,low,N,viirs_snpp,2026-09-26 11:53:00
41.46748,15.62615,3.52,nominal,N,viirs_snpp,2026-09-26 11:53:00
41.47115,15.61181,3.71,nominal,N,viirs_snpp,2026-09-26 11:53:00
41.47538,15.61561,3.54,nominal,N,viirs_snpp,2026-09-26 11:53:00
41.47452,15.61076,3.54,nominal,N,viirs_snpp,2026-09-26 11:53:00
41.51224,15.80299,2.52,nominal,N,viirs_snpp,2026-09-26 11:53:00
41.51139,15.79818,2.46,nominal,N,viirs_snpp,2026-09-26 11:53:00
41.47876,15.61456,3.54,nominal,N,viirs_snpp,2026-09-26 11:53:00
41.47865,15.59406,2.52,nominal,N,viirs_snpp,2026-09-26 11:53:00
41.55703,15.57451,3.18,nominal,N,viirs_snpp,2026-09-26 11:53:00
41.29085,13.9213,3.75,low,N,viirs_snpp,2026-09-26 11:53:00
41.29212,13.90844,3.96,nominal,N,viirs_snpp,2026-09-26 11:53:00
41.44809,14.00997,6.43,nominal,N,viirs_snpp,2026-09-26 11:53:00
41.72982,15.49342,11.79,low,N,viirs_snpp,2026-09-26 11:53:00
41.73405,15.49724,11.79,nominal,N,viirs_snpp,2026-09-26 11:53:00
41.73318,15.49235,11.79,nominal,N,viirs_snpp,2026-09-26 11:53:00
40.31318,8.61688,5.95,nominal,N,viirs_snpp,2026-09-26 11:53:00
40.31418,8.61668,7.3,nominal,N,viirs_snpp,2026-09-26 11:53:00
41.59174,14.1252,3.56,nominal,N,viirs_snpp,2026-09-26 11:53:00
42.12209,12.51851,10.51,nominal,N,viirs_snpp,2026-09-26 11:53:00
43.34134,17.72628,4.36,nominal,N,viirs_snpp,2026-09-26 11:53:00
43.34532,17.73001,4.36,nominal,N,viirs_snpp,2026-09-26 11:53:00
43.34461,17.72533,4.36,nominal,N,viirs_snpp,2026-09-26 11:53:00
43.34732,17.72613,3.26,nominal,N,viirs_snpp,2026-09-26 11:53:00
44.09588,16.80154,3.17,nominal,N,viirs_snpp,2026-09-26 11:53:00
44.0945,15.34423,3.07,nominal,N,viirs_snpp,2026-09-26 11:53:00
45.21907,16.99146,2.51,nominal,N,viirs_snpp,2026-09-26 11:53:00
45.30599,16.00328,3.18,nominal,N,viirs_snpp,2026-09-26 11:53:00
45.30113,11.13157,2.89,nominal,N,viirs_snpp,2026-09-26 11:53:00
45.49971,11.74889,6.78,nominal,N,viirs_snpp,2026-09-26 11:55:00
45.85064,12.51223,4.72,nominal,N,viirs_snpp,2026-09-26 11:55:00
45.84954,12.51061,4.58,nominal,N,viirs_snpp,2026-09-26 11:55:00
46.8298,18.29282,3.41,nominal,N,viirs_snpp,2026-09-26 11:55:00
46.09175,12.05863,1.85,nominal,N,viirs_snpp,2026-09-26 11:55:00
45.75705,8.99849,2.75,nominal,N,viirs_snpp,2026-09-26 11:55:00
35.69717,6.38022,5.49,nominal,N,viirs_snpp,2026-09-26 13:31:00
35.70274,6.3798,4.7,nominal,N,viirs_snpp,2026-09-26 13:31:00
36.29453,6.99482,3.75,nominal,N,viirs_snpp,2026-09-26 13:33:00
36.46003,7.72408,5.27,nominal,N,viirs_snpp,2026-09-26 13:33:00
36.46152,7.72493,7.54,nominal,N,viirs_snpp,2026-09-26 13:33:00
36.97378,9.62988,2.95,nominal,N,viirs_snpp,2026-09-26 13:33:00
37.86462,12.89645,0.81,nominal,N,viirs_snpp,2026-09-27 00:11:00
44.96465,14.12199,0.88,nominal,N,viirs_snpp,2026-09-27 01:52:00
45.43316,8.79433,0.5,nominal,N,viirs_snpp,2026-09-27 01:52:00
44.57962,8.94668,0.5,nominal,N,viirs_snpp,2026-09-27 01:52:00
44.57617,8.94542,0.5,nominal,N,viirs_snpp,2026-09-27 01:52:00
41.46245,15.71375,1.58,nominal,N,viirs_snpp,2026-09-27 01:52:00
40.99993,17.14051,0.48,nominal,N,viirs_snpp,2026-09-27 01:52:00
40.58764,18.03547,1.2,nominal,N,viirs_snpp,2026-09-27 01:52:00
40.58901,18.03563,1.1,nominal,N,viirs_snpp,2026-09-27 01:52:00
41.46161,15.71087,0.77,nominal,N,viirs_snpp,2026-09-27 00:11:00
41.46139,15.71634,0.77,nominal,N,viirs_snpp,2026-09-27 00:11:00
40.34286,8.81768,1.05,nominal,N,viirs_snpp,2026-09-27 01:52:00
40.29448,8.60981,0.66,nominal,N,viirs_snpp,2026-09-27 01:52:00
37.86797,12.89968,1.32,nominal,N,viirs_snpp,2026-09-27 01:52:00
37.8633,12.89764,1.32,nominal,N,viirs_snpp,2026-09-27 01:52:00
36.90421,14.72574,0.3,nominal,N,viirs_snpp,2026-09-27 01:54:00
36.90331,14.72608,0.46,nominal,N,viirs_snpp,2026-09-27 01:54:00
40.58563,18.03329,1.04,nominal,N,viirs_snpp,2026-09-27 00:11:00
36.13299,8.72775,5.1,nominal,N20,viirs_noaa20,2026-09-26 12:12:00
36.13922,8.72018,10.53,nominal,N20,viirs_noaa20,2026-09-26 12:12:00
36.13816,8.71478,4.51,low,N20,viirs_noaa20,2026-09-26 12:12:00
36.08534,6.9188,3.76,nominal,N20,viirs_noaa20,2026-09-26 12:12:00
37.31713,13.76603,3.75,nominal,N20,viirs_noaa20,2026-09-26 12:12:00
36.08626,6.92012,2.44,nominal,N20,viirs_noaa20,2026-09-26 12:12:00
36.10908,6.84787,3.23,nominal,N20,viirs_noaa20,2026-09-26 12:12:00
37.36702,13.64285,1.8,nominal,N20,viirs_noaa20,2026-09-26 12:12:00
36.24736,7.13812,9.84,nominal,N20,viirs_noaa20,2026-09-26 12:12:00
37.41442,13.64175,6.14,nominal,N20,viirs_noaa20,2026-09-26 12:12:00
37.41378,13.63743,6.14,nominal,N20,viirs_noaa20,2026-09-26 12:12:00
36.2504,7.13271,9.84,nominal,N20,viirs_noaa20,2026-09-26 12:12:00
36.74154,9.48726,2.41,nominal,N20,viirs_noaa20,2026-09-26 12:12:00
37.50534,13.86739,6.86,nominal,N20,viirs_noaa20,2026-09-26 12:12:00
36.40833,7.53769,2.3,low,N20,viirs_noaa20,2026-09-26 12:12:00
36.33931,7.17976,3.06,nominal,N20,viirs_noaa20,2026-09-26 12:12:00
36.33843,7.17544,3.06,nominal,N20,viirs_noaa20,2026-09-26 12:12:00
36.22723,6.6214,4.26,nominal,N20,viirs_noaa20,2026-09-26 12:12:00
37.49473,13.60981,2.56,low,N20,viirs_noaa20,2026-09-26 12:12:00
37.49409,13.60548,2.23,low,N20,viirs_noaa20,2026-09-26 12:12:00
37.53815,13.88211,2.65,nominal,N20,viirs_noaa20,2026-09-26 12:12:00
37.53673,13.80322,2.96,nominal,N20,viirs_noaa20,2026-09-26 12:12:00
37.50963,13.57182,6.51,nominal,N20,viirs_noaa20,2026-09-26 12:12:00
37.58537,13.80979,2.76,nominal,N20,viirs_noaa20,2026-09-26 12:12:00
37.58674,13.79588,4.85,nominal,N20,viirs_noaa20,2026-09-26 12:12:00
37.61155,13.9432,4.67,nominal,N20,viirs_noaa20,2026-09-26 12:12:00
37.54778,13.32608,9.05,nominal,N20,viirs_noaa20,2026-09-26 12:12:00
37.65263,14.01502,2.99,nominal,N20,viirs_noaa20,2026-09-26 12:12:00
36.99555,9.87386,0.73,low,N20,viirs_noaa20,2026-09-26 12:12:00
36.99469,9.86913,2.29,nominal,N20,viirs_noaa20,2026-09-26 12:12:00
36.99594,9.87091,5,nominal,N20,viirs_noaa20,2026-09-26 12:12:00
36.99937,9.86987,3.54,nominal,N20,viirs_noaa20,2026-09-26 12:12:00
37.65934,13.73521,2.42,nominal,N20,viirs_noaa20,2026-09-26 12:12:00
36.97627,9.48717,5.33,nominal,N20,viirs_noaa20,2026-09-26 12:12:00
37.58951,12.86203,3.56,nominal,N20,viirs_noaa20,2026-09-26 12:12:00
37.58885,12.85773,3.56,nominal,N20,viirs_noaa20,2026-09-26 12:12:00
37.59212,12.85693,5.65,nominal,N20,viirs_noaa20,2026-09-26 12:12:00
36.48365,6.60755,2.66,nominal,N20,viirs_noaa20,2026-09-26 12:12:00
37.77487,13.78123,6.06,nominal,N20,viirs_noaa20,2026-09-26 12:12:00
37.69297,13.11452,6.68,nominal,N20,viirs_noaa20,2026-09-26 12:12:00
36.46602,6.38519,1.89,low,N20,viirs_noaa20,2026-09-26 12:12:00
37.66033,12.68019,4.76,nominal,N20,viirs_noaa20,2026-09-26 12:12:00
37.73701,12.80113,2.66,nominal,N20,viirs_noaa20,2026-09-26 12:12:00
38.15729,15.22947,5.17,nominal,N20,viirs_noaa20,2026-09-26 12:12:00
38.16006,15.22635,3.53,nominal,N20,viirs_noaa20,2026-09-26 12:12:00
37.99371,13.09997,10.04,nominal,N20,viirs_noaa20,2026-09-26 12:12:00
37.95799,12.73174,54.82,nominal,N20,viirs_noaa20,2026-09-26 12:12:00
37.96127,12.73094,4.93,nominal,N20,viirs_noaa20,2026-09-26 12:12:00
38.76888,16.23113,1.71,nominal,N20,viirs_noaa20,2026-09-26 12:12:00
38.83522,16.29693,1.46,nominal,N20,viirs_noaa20,2026-09-26 12:12:00
38.83338,16.29492,2.11,nominal,N20,viirs_noaa20,2026-09-26 12:12:00
39.00844,16.87002,2.51,nominal,N20,viirs_noaa20,2026-09-26 12:12:00
39.0078,16.86456,2.51,nominal,N20,viirs_noaa20,2026-09-26 12:12:00
39.00769,16.86836,3.55,nominal,N20,viirs_noaa20,2026-09-26 12:12:00
39.36193,8.9161,3.4,low,N20,viirs_noaa20,2026-09-26 12:12:00
39.36631,8.92003,3.4,low,N20,viirs_noaa20,2026-09-26 12:12:00
39.51463,9.0091,4.49,nominal,N20,viirs_noaa20,2026-09-26 12:12:00
40.7378,16.50174,6.88,nominal,N20,viirs_noaa20,2026-09-26 12:12:00
40.24253,9.00326,2.15,low,N20,viirs_noaa20,2026-09-26 12:14:00
40.31311,8.61928,3.5,low,N20,viirs_noaa20,2026-09-26 12:14:00
41.28813,13.92626,20.25,nominal,N20,viirs_noaa20,2026-09-26 12:14:00
41.28752,13.92165,20.25,nominal,N20,viirs_noaa20,2026-09-26 12:14:00
41.29301,13.91073,2.95,low,N20,viirs_noaa20,2026-09-26 12:14:00
41.55505,15.57551,3.76,nominal,N20,viirs_noaa20,2026-09-26 12:14:00
41.57576,15.67509,3.76,nominal,N20,viirs_noaa20,2026-09-26 12:14:00
41.60192,15.58568,2.91,nominal,N20,viirs_noaa20,2026-09-26 12:14:00
41.65512,15.91416,1.77,nominal,N20,viirs_noaa20,2026-09-26 12:14:00
41.73206,15.49511,3.92,nominal,N20,viirs_noaa20,2026-09-26 12:14:00
41.42278,12.88986,2.45,nominal,N20,viirs_noaa20,2026-09-26 12:14:00
41.69072,13.74424,2.04,nominal,N20,viirs_noaa20,2026-09-26 12:14:00
41.67593,12.56519,2.87,nominal,N20,viirs_noaa20,2026-09-26 12:14:00
41.566,9.28519,2.49,nominal,N20,viirs_noaa20,2026-09-26 12:14:00
42.12129,12.51466,3.48,low,N20,viirs_noaa20,2026-09-26 12:14:00
43.8186,11.06444,1.92,nominal,N20,viirs_noaa20,2026-09-26 12:14:00
43.84126,11.14662,6.72,low,N20,viirs_noaa20,2026-09-26 12:14:00
44.38853,11.73694,1.4,nominal,N20,viirs_noaa20,2026-09-26 12:14:00
44.51889,11.53313,3.41,nominal,N20,viirs_noaa20,2026-09-26 12:14:00
43.79986,6.77825,6.24,nominal,N20,viirs_noaa20,2026-09-26 12:14:00
43.79882,6.77278,3.84,nominal,N20,viirs_noaa20,2026-09-26 12:14:00
44.6365,11.17053,2.86,nominal,N20,viirs_noaa20,2026-09-26 12:14:00
44.70177,11.31453,1.74,nominal,N20,viirs_noaa20,2026-09-26 12:14:00
44.86222,11.57474,3.06,nominal,N20,viirs_noaa20,2026-09-26 12:14:00
45.04246,11.81117,2.54,nominal,N20,viirs_noaa20,2026-09-26 12:14:00
44.424,6.72312,3.17,nominal,N20,viirs_noaa20,2026-09-26 12:14:00
45.05433,9.41253,1.16,low,N20,viirs_noaa20,2026-09-26 12:14:00
45.39695,11.21811,3.25,nominal,N20,viirs_noaa20,2026-09-26 12:14:00
46.2355,16.25163,2.42,nominal,N20,viirs_noaa20,2026-09-26 12:14:00
45.1587,7.77692,1.58,nominal,N20,viirs_noaa20,2026-09-26 12:14:00
45.74604,11.44254,2.08,nominal,N20,viirs_noaa20,2026-09-26 12:14:00
45.20428,7.89533,1.8,low,N20,viirs_noaa20,2026-09-26 12:14:00
45.18573,7.7296,2.01,nominal,N20,viirs_noaa20,2026-09-26 12:14:00
45.68919,9.76015,3.29,nominal,N20,viirs_noaa20,2026-09-26 12:14:00
45.66058,9.23681,2.44,nominal,N20,viirs_noaa20,2026-09-26 12:14:00
45.56082,8.14624,3.1,nominal,N20,viirs_noaa20,2026-09-26 12:14:00
45.75629,9.29938,1.58,nominal,N20,viirs_noaa20,2026-09-26 12:14:00
45.7555,9.29449,1.58,nominal,N20,viirs_noaa20,2026-09-26 12:14:00
47.39919,7.54041,5,nominal,N20,viirs_noaa20,2026-09-26 12:17:00
44.57738,8.94244,1.39,nominal,N20,viirs_noaa20,2026-09-27 00:30:00
44.58136,8.94144,1.09,nominal,N20,viirs_noaa20,2026-09-27 00:30:00
41.4653,15.70937,1.02,nominal,N20,viirs_noaa20,2026-09-27 00:33:00
41.46484,15.7143,1.02,nominal,N20,viirs_noaa20,2026-09-27 00:33:00
40.58653,18.03216,1.51,nominal,N20,viirs_noaa20,2026-09-27 00:33:00
40.34368,8.81075,0.95,nominal,N20,viirs_noaa20,2026-09-27 00:33:00
40.29766,8.60588,1.67,nominal,N20,viirs_noaa20,2026-09-27 00:33:00
40.29747,8.61171,1.67,nominal,N20,viirs_noaa20,2026-09-27 00:33:00
40.29727,8.61764,1.49,nominal,N20,viirs_noaa20,2026-09-27 00:33:00
40.30058,8.60591,1.09,nominal,N20,viirs_noaa20,2026-09-27 00:33:00
40.29462,8.60557,1.09,nominal,N20,viirs_noaa20,2026-09-27 00:33:00
40.29417,8.61723,3.09,nominal,N20,viirs_noaa20,2026-09-27 00:33:00
39.58421,9.04737,0.83,nominal,N20,viirs_noaa20,2026-09-27 00:33:00
37.86473,12.89699,0.84,nominal,N20,viirs_noaa20,2026-09-27 00:33:00
37.29921,13.7934,0.32,nominal,N20,viirs_noaa20,2026-09-27 00:33:00
40.34472,8.81812,0.5,nominal,N20,viirs_noaa20,2026-09-27 02:11:00
40.29482,8.60314,0.75,nominal,N20,viirs_noaa20,2026-09-27 02:11:00
36.48321,6.2255,0.47,nominal,N20,viirs_noaa20,2026-09-27 02:13:00
44.57738,8.94524,0.51,nominal,N20,viirs_noaa20,2026-09-27 02:11:00
41.46233,15.71033,1.37,nominal,N20,viirs_noaa20,2026-09-27 02:11:00
37.19501,13.97808,8.93,70,A,modis,2026-09-26 14:27:00
37.32381,14.10958,10.52,74,A,modis,2026-09-26 14:27:00
37.3328,14.10788,6.9,43,A,modis,2026-09-26 14:27:00
37.435,14.18782,5.44,43,A,modis,2026-09-26 14:27:00
37.43344,14.17608,71.91,97,A,modis,2026-09-26 14:27:00
37.43189,14.16436,7.58,65,A,modis,2026-09-26 14:27:00
37.44362,14.17954,4.8,55,A,modis,2026-09-26 14:27:00
37.48891,13.89604,5.7,59,A,modis,2026-09-26 14:27:00
37.46118,13.69094,4.97,53,A,modis,2026-09-26 14:27:00
37.4949,13.66622,3.36,42,A,modis,2026-09-26 14:27:00
37.49003,13.56301,4.98,44,A,modis,2026-09-26 14:27:00
37.55457,13.77056,19.27,81,A,modis,2026-09-26 14:27:00
37.58499,13.92885,5.07,58,A,modis,2026-09-26 14:27:00
37.57584,13.86045,9.07,69,A,modis,2026-09-26 14:27:00
37.61215,13.91645,5.55,62,A,modis,2026-09-26 14:27:00
37.77042,13.78688,13.22,76,A,modis,2026-09-26 14:27:00
37.7689,13.7754,12.13,75,A,modis,2026-09-26 14:27:00
37.81279,13.15473,4.34,56,A,modis,2026-09-26 14:27:00
37.81126,13.14368,6.35,57,A,modis,2026-09-26 14:27:00
37.80972,12.60059,5.87,68,A,modis,2026-09-26 14:27:00
37.86945,12.89437,8.35,70,A,modis,2026-09-26 14:27:00
37.8421,12.63852,3.41,56,A,modis,2026-09-26 14:27:00
37.84053,12.62753,8.18,71,A,modis,2026-09-26 14:27:00
39.36625,8.91529,6.39,67,A,modis,2026-09-26 14:27:00
39.58125,9.02381,6.8,69,A,modis,2026-09-26 14:29:00
39.57912,9.01137,8.41,71,A,modis,2026-09-26 14:29:00
40.30891,8.63144,5.85,63,A,modis,2026-09-26 14:29:00
41.35222,13.893,7.99,66,A,modis,2026-09-26 14:29:00
41.67251,15.40998,5.52,52,A,modis,2026-09-26 14:29:00
41.67081,15.39431,10.19,69,A,modis,2026-09-26 14:29:00
41.93819,12.15733,12.32,77,A,modis,2026-09-26 14:29:00
41.93656,12.14535,4.67,62,A,modis,2026-09-26 14:29:00
42.84751,11.76074,5.06,57,A,modis,2026-09-26 14:29:00
45.47299,10.20241,6.57,67,A,modis,2026-09-26 14:29:00
47.06384,8.26529,6.43,67,A,modis,2026-09-26 14:29:00
39.00169,16.96182,25.28,64,T,modis,2026-09-26 18:36:00
42.8061,10.94202,7.01,68,T,modis,2026-09-27 08:11:00
41.08131,15.6038,4.34,61,T,modis,2026-09-27 08:11:00
40.52518,18.06765,8.74,50,T,modis,2026-09-27 08:11:00
40.53194,17.69901,10.77,68,T,modis,2026-09-27 08:13:00
40.63049,15.17064,4.92,45,T,modis,2026-09-27 08:13:00
37.66039,14.15285,8.51,68,T,modis,2026-09-27 08:13:00
37.6585,14.16469,6.57,63,T,modis,2026-09-27 08:13:00
36.74403,9.27077,10.02,60,T,modis,2026-09-27 08:13:00
